modelo_id,familia,tag,arquivo,sha256,bytes,imgsz,epochs,metrica,metrica_fonte,quando,origem,copia_canonica
ENTREGA/corpo-cls/corpo-cls.pt,ENTREGA,corpo-cls,corpo-cls.pt,ce537925c6553754b65e6976cae5dcbe72ce219bd4f8e78b2fe06f5fe052e287,2969992,,,,,,pnaat-modelos/ENTREGA/corpo-cls/corpo-cls.pt,ENTREGA/corpo-cls/corpo-cls.pt
ENTREGA/corpo-detector/corpo-detector.pt,ENTREGA,corpo-detector,corpo-detector.pt,06b81f85b40c10ece236f03f259e57cdb9db5cfb0a7247c96bd64b40e0cf507d,6220138,,,,,,pnaat-modelos/ENTREGA/corpo-detector/corpo-detector.pt,ENTREGA/corpo-detector/corpo-detector.pt
ENTREGA/v7a-lateral/v7a-lateral.pt,ENTREGA,v7a-lateral,v7a-lateral.pt,b92be4f42ccfa58feceaf3ed072bc407238ba1f5d72ad842bee8dfb7b1e77d7f,6226154,,,,,,pnaat-modelos/ENTREGA/v7a-lateral/v7a-lateral.pt,ENTREGA/v7a-lateral/v7a-lateral.pt
ENTREGA/v8a-lateral/v8a-lateral.pt,ENTREGA,v8a-lateral,v8a-lateral.pt,75fd0e3d1e79c75b979a433ebab12530485130a06e0da60f8d65592138b2fdc1,6226282,,,,,,pnaat-modelos/ENTREGA/v8a-lateral/v8a-lateral.pt,ENTREGA/v8a-lateral/v8a-lateral.pt
ENTREGA/v9a-lateral/v9a-lateral.pt,ENTREGA,v9a-lateral,v9a-lateral.pt,ad4e16f4f6b016bf859ac5060be783f65d697278e4af8da5744203605bc306cc,6226026,,,,,,pnaat-modelos/ENTREGA/v9a-lateral/v9a-lateral.pt,ENTREGA/v9a-lateral/v9a-lateral.pt
ENTREGA/v9b-lateral-calibrado/v9b-lateral.pt,ENTREGA,v9b-lateral-calibrado,v9b-lateral.pt,ab05f35a63f680986c0edf679d9e44b9fe6b03a984b098c5bdcb07fad03ab4d6,6224106,,,,,,pnaat-modelos/ENTREGA/v9b-lateral-calibrado/v9b-lateral.pt,ENTREGA/v9b-lateral/v9b-lateral.pt
ENTREGA/v9b-lateral/v9b-lateral.pt,ENTREGA,v9b-lateral,v9b-lateral.pt,ab05f35a63f680986c0edf679d9e44b9fe6b03a984b098c5bdcb07fad03ab4d6,6224106,,,,,,pnaat-modelos/ENTREGA/v9b-lateral/v9b-lateral.pt,ENTREGA/v9b-lateral/v9b-lateral.pt
corpo-cls/corpo-cls/best.pt,corpo-cls,corpo-cls,best.pt,ce537925c6553754b65e6976cae5dcbe72ce219bd4f8e78b2fe06f5fe052e287,2969992,,,,,,pnaat-modelos/corpo-cls/runs/corpo-cls/weights/best.pt,ENTREGA/corpo-cls/corpo-cls.pt
corpo-cls/corpo-cls/last.pt,corpo-cls,corpo-cls,last.pt,0af5dd143e6d68c670e298b4278294857f278093a2205fd12723c3531eef0475,2969992,,,,,,pnaat-modelos/corpo-cls/runs/corpo-cls/weights/last.pt,corpo-cls/corpo-cls/last.pt
corpo-lateral-detector-roi/corpo-simples/best.pt,corpo-lateral-detector-roi,corpo-simples,best.pt,06b81f85b40c10ece236f03f259e57cdb9db5cfb0a7247c96bd64b40e0cf507d,6220138,480,200,0.0195,corpo-lateral-detector-roi/model-meta.json#metricas_val,2026-09-15T20:13:14+00:00,pnaat-modelos/corpo-lateral-detector-roi/runs/corpo-simples/weights/best.pt,ENTREGA/corpo-detector/corpo-detector.pt
corpo-lateral-detector-roi/corpo-simples/last.pt,corpo-lateral-detector-roi,corpo-simples,last.pt,4943ebca4cec10a23dfd79811c212590599d9bd27bf9fc7f5d5f9cb5fe059d20,6220138,480,200,0.0195,corpo-lateral-detector-roi/model-meta.json#metricas_val,2026-09-15T20:13:14+00:00,pnaat-modelos/corpo-lateral-detector-roi/runs/corpo-simples/weights/last.pt,corpo-lateral-detector-roi/corpo-simples/last.pt
ext-lateral-detector-roi/ext-pretreino/best.pt,ext-lateral-detector-roi,ext-pretreino,best.pt,34857a396d92741f69421e4c13a3b4aacd22d025ee159d0af68a1c13e96faeee,24469991,,,,,,pnaat-modelos/ext-lateral-detector-roi/runs/ext-pretreino/weights/best.pt,ext-lateral-detector-roi/ext-pretreino/best.pt
ext-lateral-detector-roi/ext-pretreino/last.pt,ext-lateral-detector-roi,ext-pretreino,last.pt,34857a396d92741f69421e4c13a3b4aacd22d025ee159d0af68a1c13e96faeee,24469991,,,,,,pnaat-modelos/ext-lateral-detector-roi/runs/ext-pretreino/weights/last.pt,ext-lateral-detector-roi/ext-pretreino/best.pt
kfblur-lateral-detector-roi/kfold-0/best.pt,kfblur-lateral-detector-roi,kfold-0,best.pt,9d6e3250dfb3df2777fe5c1ac7a1a74e90a8ca532d2b06b7220184ea36169a6c,6224938,,,,,,pnaat-modelos/kfblur-lateral-detector-roi/runs/kfold-0/weights/best.pt,kfblur-lateral-detector-roi/kfold-0/best.pt
kfblur-lateral-detector-roi/kfold-0/last.pt,kfblur-lateral-detector-roi,kfold-0,last.pt,2de8563b5f5a38ebe1595b118b090211992cd21c4600badaca6bd139ebb108f4,6224938,,,,,,pnaat-modelos/kfblur-lateral-detector-roi/runs/kfold-0/weights/last.pt,kfblur-lateral-detector-roi/kfold-0/last.pt
kfblur-lateral-detector-roi/kfold-1/best.pt,kfblur-lateral-detector-roi,kfold-1,best.pt,5a798ef41438002bfce218ca276fd4d38a79a4a795459868bd172747392fac1c,6222634,,,,,,pnaat-modelos/kfblur-lateral-detector-roi/runs/kfold-1/weights/best.pt,kfblur-lateral-detector-roi/kfold-1/best.pt
kfblur-lateral-detector-roi/kfold-1/last.pt,kfblur-lateral-detector-roi,kfold-1,last.pt,700945be18b710b17c2a9c5987592c00b08b062747337e6d53d203e9b3f73439,6222634,,,,,,pnaat-modelos/kfblur-lateral-detector-roi/runs/kfold-1/weights/last.pt,kfblur-lateral-detector-roi/kfold-1/last.pt
kfblur-lateral-detector-roi/kfold-2/best.pt,kfblur-lateral-detector-roi,kfold-2,best.pt,624d601c79b391236bc42b4612c8473eb8d6592eea38e84dbfdd177624619fa9,6224298,,,,,,pnaat-modelos/kfblur-lateral-detector-roi/runs/kfold-2/weights/best.pt,kfblur-lateral-detector-roi/kfold-2/best.pt
kfblur-lateral-detector-roi/kfold-2/last.pt,kfblur-lateral-detector-roi,kfold-2,last.pt,3ff8dd39db4ab1a7ee522d312ff64bf2e7d9a6e5d2c43248c3cc007078047316,6224298,,,,,,pnaat-modelos/kfblur-lateral-detector-roi/runs/kfold-2/weights/last.pt,kfblur-lateral-detector-roi/kfold-2/last.pt
kfblur-lateral-detector-roi/kfold-3/best.pt,kfblur-lateral-detector-roi,kfold-3,best.pt,b8bfd63e4b3ce4464640a6760bcd66250620eb013aa46f096f682987ff261978,6223530,,,,,,pnaat-modelos/kfblur-lateral-detector-roi/runs/kfold-3/weights/best.pt,kfblur-lateral-detector-roi/kfold-3/best.pt
kfblur-lateral-detector-roi/kfold-3/last.pt,kfblur-lateral-detector-roi,kfold-3,last.pt,1893e99be74549b5057269656d40b5921e817867185328227463e988fd267c8f,6223530,,,,,,pnaat-modelos/kfblur-lateral-detector-roi/runs/kfold-3/weights/last.pt,kfblur-lateral-detector-roi/kfold-3/last.pt
kfblur-lateral-detector-roi/kfold-4/best.pt,kfblur-lateral-detector-roi,kfold-4,best.pt,d6a65e81297cb44c3fd6100029ed9558d0d97257d160d7a8de9d045fb5ae4534,6226666,,,,,,pnaat-modelos/kfblur-lateral-detector-roi/runs/kfold-4/weights/best.pt,kfblur-lateral-detector-roi/kfold-4/best.pt
kfblur-lateral-detector-roi/kfold-4/last.pt,kfblur-lateral-detector-roi,kfold-4,last.pt,d10406b022fe0b4735808da12f063282c244449349afa5f13aa5d8fa2eaa59b3,6226666,,,,,,pnaat-modelos/kfblur-lateral-detector-roi/runs/kfold-4/weights/last.pt,kfblur-lateral-detector-roi/kfold-4/last.pt
kfcand-lateral-detector-roi/kfold-0/best.pt,kfcand-lateral-detector-roi,kfold-0,best.pt,428098ffa85ef81ff2d63ded35b0a082073696a84e7aae062bd1a901e4e19cb4,6230250,,,,,,pnaat-modelos/kfcand-lateral-detector-roi/runs/kfold-0/weights/best.pt,kfcand-lateral-detector-roi/kfold-0/best.pt
kfcand-lateral-detector-roi/kfold-0/last.pt,kfcand-lateral-detector-roi,kfold-0,last.pt,a676a4913205084548ab8c9d65f7866264f798e42bba8abc8e33bd62b2278770,6230250,,,,,,pnaat-modelos/kfcand-lateral-detector-roi/runs/kfold-0/weights/last.pt,kfcand-lateral-detector-roi/kfold-0/last.pt
kfcand-lateral-detector-roi/kfold-1/best.pt,kfcand-lateral-detector-roi,kfold-1,best.pt,47ca00d82eb1bb7cf5f3c868843b73badd7ce6314785c606602820aa034209b2,6232810,,,,,,pnaat-modelos/kfcand-lateral-detector-roi/runs/kfold-1/weights/best.pt,kfcand-lateral-detector-roi/kfold-1/best.pt
kfcand-lateral-detector-roi/kfold-1/last.pt,kfcand-lateral-detector-roi,kfold-1,last.pt,6bc37d193310cdad31957b27b482bf59dbe561d49d924bfd8775ba5ed7dbc261,6232810,,,,,,pnaat-modelos/kfcand-lateral-detector-roi/runs/kfold-1/weights/last.pt,kfcand-lateral-detector-roi/kfold-1/last.pt
kfcand-lateral-detector-roi/kfold-2/best.pt,kfcand-lateral-detector-roi,kfold-2,best.pt,6445434679a0b4f45d9f821da82a867e05480a1333794fc7ffcf6207e9a91058,6228970,,,,,,pnaat-modelos/kfcand-lateral-detector-roi/runs/kfold-2/weights/best.pt,kfcand-lateral-detector-roi/kfold-2/best.pt
kfcand-lateral-detector-roi/kfold-2/last.pt,kfcand-lateral-detector-roi,kfold-2,last.pt,ca5ac7a4292086b70f12a943ba71a0cbf455505ce672362f052d7ed96035d2fd,6228970,,,,,,pnaat-modelos/kfcand-lateral-detector-roi/runs/kfold-2/weights/last.pt,kfcand-lateral-detector-roi/kfold-2/last.pt
kfcand-lateral-detector-roi/kfold-3/best.pt,kfcand-lateral-detector-roi,kfold-3,best.pt,94dd2bae683ab49f0e70fb1a08bea55a570f930f3ffa5eec7576c5b0d8018a07,6228074,,,,,,pnaat-modelos/kfcand-lateral-detector-roi/runs/kfold-3/weights/best.pt,kfcand-lateral-detector-roi/kfold-3/best.pt
kfcand-lateral-detector-roi/kfold-3/last.pt,kfcand-lateral-detector-roi,kfold-3,last.pt,a52482608c82ff177c8fbe50d47734be3569f495fc963572e654441876ff632a,6228074,,,,,,pnaat-modelos/kfcand-lateral-detector-roi/runs/kfold-3/weights/last.pt,kfcand-lateral-detector-roi/kfold-3/last.pt
kfcand-lateral-detector-roi/kfold-4/best.pt,kfcand-lateral-detector-roi,kfold-4,best.pt,5c5c7ee2db6cbbb11fa60b7abe6c90528fab9042f94d007c4b0e364b56c86b4e,6212586,,,,,,pnaat-modelos/kfcand-lateral-detector-roi/runs/kfold-4/weights/best.pt,kfcand-lateral-detector-roi/kfold-4/best.pt
kfcand-lateral-detector-roi/kfold-4/last.pt,kfcand-lateral-detector-roi,kfold-4,last.pt,cc18b831a3f056bcaf0940baa18ec32e6afb1d3faaddfee1da163856cbb1238d,6212586,,,,,,pnaat-modelos/kfcand-lateral-detector-roi/runs/kfold-4/weights/last.pt,kfcand-lateral-detector-roi/kfold-4/last.pt
kfl4-lateral-detector-roi/kfold-0/best.pt,kfl4-lateral-detector-roi,kfold-0,best.pt,92562a9806ad6173fd5001ef8108c2dd9fbba41b3226e5f5fc5403800805c398,6228394,,,,,,pnaat-modelos/kfl4-lateral-detector-roi/runs/kfold-0/weights/best.pt,kfl4-lateral-detector-roi/kfold-0/best.pt
kfl4-lateral-detector-roi/kfold-0/last.pt,kfl4-lateral-detector-roi,kfold-0,last.pt,02e12ebf0dede0f1337badee295ccf4d19ef2017641f3a0b3196ad140809c3f0,6228394,,,,,,pnaat-modelos/kfl4-lateral-detector-roi/runs/kfold-0/weights/last.pt,kfl4-lateral-detector-roi/kfold-0/last.pt
kfl4-lateral-detector-roi/kfold-1/best.pt,kfl4-lateral-detector-roi,kfold-1,best.pt,6bcb3c22a7b91b9fe8e72a227aabb31ba47a2e39ac647c9e36c26fd7c19897c6,24470887,,,,,,pnaat-modelos/kfl4-lateral-detector-roi/runs/kfold-1/weights/best.pt,kfl4-lateral-detector-roi/kfold-1/best.pt
kfl4-lateral-detector-roi/kfold-1/last.pt,kfl4-lateral-detector-roi,kfold-1,last.pt,7947ab1958deec7a2ef10bf5dfc12eff15c6a79a7a8b401f0469af7253e8a0a8,24471143,,,,,,pnaat-modelos/kfl4-lateral-detector-roi/runs/kfold-1/weights/last.pt,kfl4-lateral-detector-roi/kfold-1/last.pt
kflimpo-lateral-detector-roi/kfold-0/best.pt,kflimpo-lateral-detector-roi,kfold-0,best.pt,bd4546f01df8ae6e2bd6265dd0e913ecefe6bb4a759c87a3b8129076b966c87e,6228010,,,,,,pnaat-modelos/kflimpo-lateral-detector-roi/runs/kfold-0/weights/best.pt,kflimpo-lateral-detector-roi/kfold-0/best.pt
kflimpo-lateral-detector-roi/kfold-0/last.pt,kflimpo-lateral-detector-roi,kfold-0,last.pt,e01309fc06fab694122f5d44888811f2a04ad1203f24317d816edf5578269e39,6228010,,,,,,pnaat-modelos/kflimpo-lateral-detector-roi/runs/kfold-0/weights/last.pt,kflimpo-lateral-detector-roi/kfold-0/last.pt
kflimpo-lateral-detector-roi/kfold-1/best.pt,kflimpo-lateral-detector-roi,kfold-1,best.pt,21f8036ef516537b6770fe6de050c3a925470e3e9f7b94e8034415b1a56e2427,6226346,,,,,,pnaat-modelos/kflimpo-lateral-detector-roi/runs/kfold-1/weights/best.pt,kflimpo-lateral-detector-roi/kfold-1/best.pt
kflimpo-lateral-detector-roi/kfold-1/last.pt,kflimpo-lateral-detector-roi,kfold-1,last.pt,cf6c5e473ffe47174104324430720f6d12981a8a575f03346f20fbecb9368034,6226346,,,,,,pnaat-modelos/kflimpo-lateral-detector-roi/runs/kfold-1/weights/last.pt,kflimpo-lateral-detector-roi/kfold-1/last.pt
kfoldlat-lateral-detector-roi/kfold-0/best.pt,kfoldlat-lateral-detector-roi,kfold-0,best.pt,212ffe739315314897d513db9d494bf6a9b12df4cad015de0ba2f49648df5a56,6224298,,,,,,pnaat-modelos/kfoldlat-lateral-detector-roi/runs/kfold-0/weights/best.pt,kfoldlat-lateral-detector-roi/kfold-0/best.pt
kfoldlat-lateral-detector-roi/kfold-0/last.pt,kfoldlat-lateral-detector-roi,kfold-0,last.pt,46ec48574761236d19a9b556782af9069048686bf43a41ff95b3a6edaf9142c1,6224298,,,,,,pnaat-modelos/kfoldlat-lateral-detector-roi/runs/kfold-0/weights/last.pt,kfoldlat-lateral-detector-roi/kfold-0/last.pt
kfoldlat-lateral-detector-roi/kfold-1/best.pt,kfoldlat-lateral-detector-roi,kfold-1,best.pt,33449223b8538a3760c8d11d155e18de391dfea47c5794ca09b9b13de4632e67,6224298,,,,,,pnaat-modelos/kfoldlat-lateral-detector-roi/runs/kfold-1/weights/best.pt,kfoldlat-lateral-detector-roi/kfold-1/best.pt
kfoldlat-lateral-detector-roi/kfold-1/last.pt,kfoldlat-lateral-detector-roi,kfold-1,last.pt,9e9dcff4d0a6e682a1d8c86c0baf2d8705200f7ea0474215ac46a06e1ca0eba8,6224298,,,,,,pnaat-modelos/kfoldlat-lateral-detector-roi/runs/kfold-1/weights/last.pt,kfoldlat-lateral-detector-roi/kfold-1/last.pt
kfoldlat-lateral-detector-roi/kfold-2/best.pt,kfoldlat-lateral-detector-roi,kfold-2,best.pt,431de57565f1f5ec55699683caef1f92a241b69954d9cee6eb491080e898acb8,6224234,,,,,,pnaat-modelos/kfoldlat-lateral-detector-roi/runs/kfold-2/weights/best.pt,kfoldlat-lateral-detector-roi/kfold-2/best.pt
kfoldlat-lateral-detector-roi/kfold-2/last.pt,kfoldlat-lateral-detector-roi,kfold-2,last.pt,13b5fe6b0610dce0e9fea209f71693b11e1154e33e73d39ce6e9c9abfe54fb4f,6224234,,,,,,pnaat-modelos/kfoldlat-lateral-detector-roi/runs/kfold-2/weights/last.pt,kfoldlat-lateral-detector-roi/kfold-2/last.pt
kfoldlat-lateral-detector-roi/kfold-3/best.pt,kfoldlat-lateral-detector-roi,kfold-3,best.pt,bcebbcccdfa94667bfde497cabbcc25f9e80499d6386921a6a5cfa6e9a581546,6224234,,,,,,pnaat-modelos/kfoldlat-lateral-detector-roi/runs/kfold-3/weights/best.pt,kfoldlat-lateral-detector-roi/kfold-3/best.pt
kfoldlat-lateral-detector-roi/kfold-3/last.pt,kfoldlat-lateral-detector-roi,kfold-3,last.pt,84bf425371d435413980576a01f4d4f26b6a76a7686c4401b31487c6d17cec4d,6224234,,,,,,pnaat-modelos/kfoldlat-lateral-detector-roi/runs/kfold-3/weights/last.pt,kfoldlat-lateral-detector-roi/kfold-3/last.pt
kfoldlat-lateral-detector-roi/kfold-4/best.pt,kfoldlat-lateral-detector-roi,kfold-4,best.pt,7e5574a19df7dee9e8e5af5fc829599e27d9a4d398919a54bc348db4e124aa81,6224234,,,,,,pnaat-modelos/kfoldlat-lateral-detector-roi/runs/kfold-4/weights/best.pt,kfoldlat-lateral-detector-roi/kfold-4/best.pt
kfoldlat-lateral-detector-roi/kfold-4/last.pt,kfoldlat-lateral-detector-roi,kfold-4,last.pt,36ec25a84b1e046e6459c58a280a380cc946ba0dc39968cc9b0fbdcf36433ab5,6224234,,,,,,pnaat-modelos/kfoldlat-lateral-detector-roi/runs/kfold-4/weights/last.pt,kfoldlat-lateral-detector-roi/kfold-4/last.pt
kfoldtopo-topo-detector-roi/kfold-0/best.pt,kfoldtopo-topo-detector-roi,kfold-0,best.pt,e76ee23df0df6d1e41d44419311fbc2cdb4bb75b3e9ff7e5c22c1bf9a670e3be,6216234,,,,,,pnaat-modelos/kfoldtopo-topo-detector-roi/runs/kfold-0/weights/best.pt,kfoldtopo-topo-detector-roi/kfold-0/best.pt
kfoldtopo-topo-detector-roi/kfold-0/last.pt,kfoldtopo-topo-detector-roi,kfold-0,last.pt,39bc487a4d566d61dbd83ce14268fa530a867cb9e628477d2712f6f8abc00eda,6216234,,,,,,pnaat-modelos/kfoldtopo-topo-detector-roi/runs/kfold-0/weights/last.pt,kfoldtopo-topo-detector-roi/kfold-0/last.pt
kfoldtopo-topo-detector-roi/kfold-1/best.pt,kfoldtopo-topo-detector-roi,kfold-1,best.pt,94b9cc2f9554db4bd6c118fb9aca0c76f846e5aa46e4d4f499a06480c66f0276,6216234,,,,,,pnaat-modelos/kfoldtopo-topo-detector-roi/runs/kfold-1/weights/best.pt,kfoldtopo-topo-detector-roi/kfold-1/best.pt
kfoldtopo-topo-detector-roi/kfold-1/last.pt,kfoldtopo-topo-detector-roi,kfold-1,last.pt,598c995934b50f135d54f7b7cdbd9ba8fa155d2efecb6633c0b35336122339d3,6216234,,,,,,pnaat-modelos/kfoldtopo-topo-detector-roi/runs/kfold-1/weights/last.pt,kfoldtopo-topo-detector-roi/kfold-1/last.pt
kfoldtopo-topo-detector-roi/kfold-2/best.pt,kfoldtopo-topo-detector-roi,kfold-2,best.pt,6849faba9c88deb4e25bf92bbb9f7f76004d7b4faa2dddad511369687022b1c9,6216234,,,,,,pnaat-modelos/kfoldtopo-topo-detector-roi/runs/kfold-2/weights/best.pt,kfoldtopo-topo-detector-roi/kfold-2/best.pt
kfoldtopo-topo-detector-roi/kfold-2/last.pt,kfoldtopo-topo-detector-roi,kfold-2,last.pt,31d64a69ad5f54e8e7ebe66d3fd00f4343decceebb2c0ab73cdf0a34dc554363,6216234,,,,,,pnaat-modelos/kfoldtopo-topo-detector-roi/runs/kfold-2/weights/last.pt,kfoldtopo-topo-detector-roi/kfold-2/last.pt
kfoldtopo-topo-detector-roi/kfold-3/best.pt,kfoldtopo-topo-detector-roi,kfold-3,best.pt,49656dc56fdd39627daf1771d4098ad4cae0c06a7cf51ecc15750f3ad153617c,6216234,,,,,,pnaat-modelos/kfoldtopo-topo-detector-roi/runs/kfold-3/weights/best.pt,kfoldtopo-topo-detector-roi/kfold-3/best.pt
kfoldtopo-topo-detector-roi/kfold-3/last.pt,kfoldtopo-topo-detector-roi,kfold-3,last.pt,6717fe0283745718eb0fbe54f70b79bc33fa10e3d49f05aff4680ee018e5981e,6216234,,,,,,pnaat-modelos/kfoldtopo-topo-detector-roi/runs/kfold-3/weights/last.pt,kfoldtopo-topo-detector-roi/kfold-3/last.pt
kfoldtopo-topo-detector-roi/kfold-4/best.pt,kfoldtopo-topo-detector-roi,kfold-4,best.pt,08f6755259ac4632803b03fbbff9de4b1bc298999d3f2b68d5df7e1025bcabce,6216234,,,,,,pnaat-modelos/kfoldtopo-topo-detector-roi/runs/kfold-4/weights/best.pt,kfoldtopo-topo-detector-roi/kfold-4/best.pt
kfoldtopo-topo-detector-roi/kfold-4/last.pt,kfoldtopo-topo-detector-roi,kfold-4,last.pt,c464895e376f6a4ba53ddb4480f33d510932009179f54c57aa8398da6f35dda7,6216234,,,,,,pnaat-modelos/kfoldtopo-topo-detector-roi/runs/kfold-4/weights/last.pt,kfoldtopo-topo-detector-roi/kfold-4/last.pt
kfoldtopoft-topo-detector-roi/kfold-0/best.pt,kfoldtopoft-topo-detector-roi,kfold-0,best.pt,271bb11dcc1b299ae75114f50ccb5760aa9bd3ba68c780b9d15d8b301c690c5e,6217130,,,,,,pnaat-modelos/kfoldtopoft-topo-detector-roi/runs/kfold-0/weights/best.pt,kfoldtopoft-topo-detector-roi/kfold-0/best.pt
kfoldtopoft-topo-detector-roi/kfold-0/last.pt,kfoldtopoft-topo-detector-roi,kfold-0,last.pt,e421faddc49443ed5693ff535716d493bfbff32ebedca78667d9d74ba60e7563,6217130,,,,,,pnaat-modelos/kfoldtopoft-topo-detector-roi/runs/kfold-0/weights/last.pt,kfoldtopoft-topo-detector-roi/kfold-0/last.pt
kfoldtopoft-topo-detector-roi/kfold-1/best.pt,kfoldtopoft-topo-detector-roi,kfold-1,best.pt,e6fc9685e8ffb72b07fd23786283d778f2cfbd4a98665950d8302682fc9b8e80,6217130,,,,,,pnaat-modelos/kfoldtopoft-topo-detector-roi/runs/kfold-1/weights/best.pt,kfoldtopoft-topo-detector-roi/kfold-1/best.pt
kfoldtopoft-topo-detector-roi/kfold-1/last.pt,kfoldtopoft-topo-detector-roi,kfold-1,last.pt,d1f349bb4f36cc0996bcc1382516dba86a0b611bb6ae69fc6727cb27845f079a,6217130,,,,,,pnaat-modelos/kfoldtopoft-topo-detector-roi/runs/kfold-1/weights/last.pt,kfoldtopoft-topo-detector-roi/kfold-1/last.pt
kfoldtopoft-topo-detector-roi/kfold-2/best.pt,kfoldtopoft-topo-detector-roi,kfold-2,best.pt,435f9437a3a2e9d7afa371e333e383e27fd40ea31fde7010784e367af79790af,6217130,,,,,,pnaat-modelos/kfoldtopoft-topo-detector-roi/runs/kfold-2/weights/best.pt,kfoldtopoft-topo-detector-roi/kfold-2/best.pt
kfoldtopoft-topo-detector-roi/kfold-2/last.pt,kfoldtopoft-topo-detector-roi,kfold-2,last.pt,9158f9335209ac325b145e3c5dd2589cfe0bfb91537073ab72aaea9dfa54c0ed,6217130,,,,,,pnaat-modelos/kfoldtopoft-topo-detector-roi/runs/kfold-2/weights/last.pt,kfoldtopoft-topo-detector-roi/kfold-2/last.pt
kfoldtopoft-topo-detector-roi/kfold-3/best.pt,kfoldtopoft-topo-detector-roi,kfold-3,best.pt,f3336d8f8c37e28fab01076329b8e36c994b15094f9e424357d356359dc15d69,6217130,,,,,,pnaat-modelos/kfoldtopoft-topo-detector-roi/runs/kfold-3/weights/best.pt,kfoldtopoft-topo-detector-roi/kfold-3/best.pt
kfoldtopoft-topo-detector-roi/kfold-3/last.pt,kfoldtopoft-topo-detector-roi,kfold-3,last.pt,4bff6e8df12c2b75a30740df8deaed311c3f45856b6e5aebba5278be8ab7fbf5,6217130,,,,,,pnaat-modelos/kfoldtopoft-topo-detector-roi/runs/kfold-3/weights/last.pt,kfoldtopoft-topo-detector-roi/kfold-3/last.pt
kfoldtopoft-topo-detector-roi/kfold-4/best.pt,kfoldtopoft-topo-detector-roi,kfold-4,best.pt,8600f0839fcf5891fa9238ee6af62c679f5c73ca93a0b96254f30e5cf3e7e679,6217130,,,,,,pnaat-modelos/kfoldtopoft-topo-detector-roi/runs/kfold-4/weights/best.pt,kfoldtopoft-topo-detector-roi/kfold-4/best.pt
kfoldtopoft-topo-detector-roi/kfold-4/last.pt,kfoldtopoft-topo-detector-roi,kfold-4,last.pt,767fe336c77a3d1aae2256b6fe819760992a44cd31ec077ba26622e2ed9e28bb,6217130,,,,,,pnaat-modelos/kfoldtopoft-topo-detector-roi/runs/kfold-4/weights/last.pt,kfoldtopoft-topo-detector-roi/kfold-4/last.pt
kfv7-lateral-detector-roi/kfold-0/best.pt,kfv7-lateral-detector-roi,kfold-0,best.pt,1c263b3ef702ddb67cfd0611c97f4042cdef79d899f05d843f7f2890b209d197,6230250,,,,,,pnaat-modelos/kfv7-lateral-detector-roi/runs/kfold-0/weights/best.pt,kfv7-lateral-detector-roi/kfold-0/best.pt
kfv7-lateral-detector-roi/kfold-0/last.pt,kfv7-lateral-detector-roi,kfold-0,last.pt,9f4f1eec13dceac20bb6291ee31bf770524de750cd19e39db37dcfe409115e5c,6230250,,,,,,pnaat-modelos/kfv7-lateral-detector-roi/runs/kfold-0/weights/last.pt,kfv7-lateral-detector-roi/kfold-0/last.pt
kfv7-lateral-detector-roi/kfold-1/best.pt,kfv7-lateral-detector-roi,kfold-1,best.pt,4e693607d495628708990a30d42e1b8f36eb75f2031d515e518ece3be93b2e5a,6232810,,,,,,pnaat-modelos/kfv7-lateral-detector-roi/runs/kfold-1/weights/best.pt,kfv7-lateral-detector-roi/kfold-1/best.pt
kfv7-lateral-detector-roi/kfold-1/last.pt,kfv7-lateral-detector-roi,kfold-1,last.pt,391740121e34860e85ab7f9ad37b94d245558afac7f2ef9ed18da9bdb97ed5e9,6232810,,,,,,pnaat-modelos/kfv7-lateral-detector-roi/runs/kfold-1/weights/last.pt,kfv7-lateral-detector-roi/kfold-1/last.pt
kfv7-lateral-detector-roi/kfold-2/best.pt,kfv7-lateral-detector-roi,kfold-2,best.pt,59705262b5e4e472a07cb463fce6e1d710ad0e478c559fe231e8ac5492cec5be,6228970,,,,,,pnaat-modelos/kfv7-lateral-detector-roi/runs/kfold-2/weights/best.pt,kfv7-lateral-detector-roi/kfold-2/best.pt
kfv7-lateral-detector-roi/kfold-2/last.pt,kfv7-lateral-detector-roi,kfold-2,last.pt,832754534046418be22f9c2d783d403aa3e427a750c12356ef3b335c5de6af39,6228970,,,,,,pnaat-modelos/kfv7-lateral-detector-roi/runs/kfold-2/weights/last.pt,kfv7-lateral-detector-roi/kfold-2/last.pt
kfv7-lateral-detector-roi/kfold-3/best.pt,kfv7-lateral-detector-roi,kfold-3,best.pt,f988ba27406bb22f3f1c9ba3deed225192456406cb307ff4407f730a17888466,6228074,,,,,,pnaat-modelos/kfv7-lateral-detector-roi/runs/kfold-3/weights/best.pt,kfv7-lateral-detector-roi/kfold-3/best.pt
kfv7-lateral-detector-roi/kfold-3/last.pt,kfv7-lateral-detector-roi,kfold-3,last.pt,4edd50f49dd79831834a750ccb4d667b4a71dccf5acbbe307baa1c28f4707316,6228074,,,,,,pnaat-modelos/kfv7-lateral-detector-roi/runs/kfold-3/weights/last.pt,kfv7-lateral-detector-roi/kfold-3/last.pt
kfv7-lateral-detector-roi/kfold-4/best.pt,kfv7-lateral-detector-roi,kfold-4,best.pt,6200d504959bd7029da45d2101a6983e04af89080d5429532785e663a53d4fb5,6212586,,,,,,pnaat-modelos/kfv7-lateral-detector-roi/runs/kfold-4/weights/best.pt,kfv7-lateral-detector-roi/kfold-4/best.pt
kfv7-lateral-detector-roi/kfold-4/last.pt,kfv7-lateral-detector-roi,kfold-4,last.pt,89dffea3a5f7f7450f4790e50398f4e3bc4ed3b7f30c4e9df70eabb2c942ad8e,6212586,,,,,,pnaat-modelos/kfv7-lateral-detector-roi/runs/kfold-4/weights/last.pt,kfv7-lateral-detector-roi/kfold-4/last.pt
kfv8-lateral-detector-roi/kfold-0/best.pt,kfv8-lateral-detector-roi,kfold-0,best.pt,cccbea01a79ae5f6a65688c0d060d15377c518115ad3f15c8ebb89d83f2555b7,6230378,,,,,,pnaat-modelos/kfv8-lateral-detector-roi/runs/kfold-0/weights/best.pt,kfv8-lateral-detector-roi/kfold-0/best.pt
kfv8-lateral-detector-roi/kfold-0/last.pt,kfv8-lateral-detector-roi,kfold-0,last.pt,380b09f338afd42aa11ba77780d7ddbe9b783703bfac92891a434cd7e0109cff,6230378,,,,,,pnaat-modelos/kfv8-lateral-detector-roi/runs/kfold-0/weights/last.pt,kfv8-lateral-detector-roi/kfold-0/last.pt
kfv8-lateral-detector-roi/kfold-1/best.pt,kfv8-lateral-detector-roi,kfold-1,best.pt,e5c44a9ff9909cb27b26c4e3eabb82b77223a9cd07eb76070f8ce6f91df332dd,6229994,,,,,,pnaat-modelos/kfv8-lateral-detector-roi/runs/kfold-1/weights/best.pt,kfv8-lateral-detector-roi/kfold-1/best.pt
kfv8-lateral-detector-roi/kfold-1/last.pt,kfv8-lateral-detector-roi,kfold-1,last.pt,cac3e2c56dccca7db3495e48c42c883abe78bb2d1e1d32b316741caf618ac69e,6229994,,,,,,pnaat-modelos/kfv8-lateral-detector-roi/runs/kfold-1/weights/last.pt,kfv8-lateral-detector-roi/kfold-1/last.pt
kfv8-lateral-detector-roi/kfold-2/best.pt,kfv8-lateral-detector-roi,kfold-2,best.pt,c35f2bdccb70e8fe61fe581f1c2636e3448a946683fbc777cd05efef9919906b,6230506,,,,,,pnaat-modelos/kfv8-lateral-detector-roi/runs/kfold-2/weights/best.pt,kfv8-lateral-detector-roi/kfold-2/best.pt
kfv8-lateral-detector-roi/kfold-2/last.pt,kfv8-lateral-detector-roi,kfold-2,last.pt,cc829576b6db63d1431c2e82959b67425b8cf24071815e9b0303eb6a3385bd6a,6230506,,,,,,pnaat-modelos/kfv8-lateral-detector-roi/runs/kfold-2/weights/last.pt,kfv8-lateral-detector-roi/kfold-2/last.pt
kfv8-lateral-detector-roi/kfold-3/best.pt,kfv8-lateral-detector-roi,kfold-3,best.pt,a7ca8023a345d4a2c624a9ba91e7c8051ce7082f88aaf34426e1754f58a3a724,6230250,,,,,,pnaat-modelos/kfv8-lateral-detector-roi/runs/kfold-3/weights/best.pt,kfv8-lateral-detector-roi/kfold-3/best.pt
kfv8-lateral-detector-roi/kfold-3/last.pt,kfv8-lateral-detector-roi,kfold-3,last.pt,3cdd57240940f807ce8b6e39754b56b5c7253cf8dc92d8fdc3a84cde8856ff9a,6230250,,,,,,pnaat-modelos/kfv8-lateral-detector-roi/runs/kfold-3/weights/last.pt,kfv8-lateral-detector-roi/kfold-3/last.pt
kfv8-lateral-detector-roi/kfold-4/best.pt,kfv8-lateral-detector-roi,kfold-4,best.pt,7c89fcc7a639e57612d0f6807aabe6a4508d0c7473b433f772c917074b7d2b64,6229162,,,,,,pnaat-modelos/kfv8-lateral-detector-roi/runs/kfold-4/weights/best.pt,kfv8-lateral-detector-roi/kfold-4/best.pt
kfv8-lateral-detector-roi/kfold-4/last.pt,kfv8-lateral-detector-roi,kfold-4,last.pt,b7135bcf1f11c0b51730d17afab1ab9e9c18bb04daf3a85a0e0e2dbeb22553bb,6229162,,,,,,pnaat-modelos/kfv8-lateral-detector-roi/runs/kfold-4/weights/last.pt,kfv8-lateral-detector-roi/kfold-4/last.pt
kfv9-lateral-detector-roi/kfold-0/best.pt,kfv9-lateral-detector-roi,kfold-0,best.pt,9b948ff4a275d9802c1aeb16a85db5faf96395e6cba7719e97732c5fc3cdcb6a,6214378,,,,,,pnaat-modelos/kfv9-lateral-detector-roi/runs/kfold-0/weights/best.pt,kfv9-lateral-detector-roi/kfold-0/best.pt
kfv9-lateral-detector-roi/kfold-0/last.pt,kfv9-lateral-detector-roi,kfold-0,last.pt,73219d39d79a9fe24ec3b584894231cf94ccc195e55289090d10b73f5bcf64b2,6214378,,,,,,pnaat-modelos/kfv9-lateral-detector-roi/runs/kfold-0/weights/last.pt,kfv9-lateral-detector-roi/kfold-0/last.pt
kfv9b-lateral-detector-roi/kfold-0/best.pt,kfv9b-lateral-detector-roi,kfold-0,best.pt,2c6a41c02392e971e014570b0241c2dcbfffadf41e018f536da48e1fdbf81b7a,6214378,,,,,,pnaat-modelos/kfv9b-lateral-detector-roi/runs/kfold-0/weights/best.pt,kfv9b-lateral-detector-roi/kfold-0/best.pt
kfv9b-lateral-detector-roi/kfold-0/last.pt,kfv9b-lateral-detector-roi,kfold-0,last.pt,09a1a33e411e3a5e8e309c85e97f588080aa280586a14dba7d96cf7b951700a4,6214378,,,,,,pnaat-modelos/kfv9b-lateral-detector-roi/runs/kfold-0/weights/last.pt,kfv9b-lateral-detector-roi/kfold-0/last.pt
kfv9b-lateral-detector-roi/kfold-1/best.pt,kfv9b-lateral-detector-roi,kfold-1,best.pt,3fc9f5ca5537cdb1b35c09116d51d3fbf9bad417ba95a50b2f714fd4492b13f7,6210666,,,,,,pnaat-modelos/kfv9b-lateral-detector-roi/runs/kfold-1/weights/best.pt,kfv9b-lateral-detector-roi/kfold-1/best.pt
kfv9b-lateral-detector-roi/kfold-1/last.pt,kfv9b-lateral-detector-roi,kfold-1,last.pt,c430eaba197f052553f1b53a58f180d3d83c06a1552ad9d3f04e6971cdf38af9,6210666,,,,,,pnaat-modelos/kfv9b-lateral-detector-roi/runs/kfold-1/weights/last.pt,kfv9b-lateral-detector-roi/kfold-1/last.pt
kfv9b-lateral-detector-roi/kfold-2/best.pt,kfv9b-lateral-detector-roi,kfold-2,best.pt,2f6493edb10c405dc3218a1a4c6099e17287a875408d4ec7a5d40751bd847dad,6227370,,,,,,pnaat-modelos/kfv9b-lateral-detector-roi/runs/kfold-2/weights/best.pt,kfv9b-lateral-detector-roi/kfold-2/best.pt
kfv9b-lateral-detector-roi/kfold-2/last.pt,kfv9b-lateral-detector-roi,kfold-2,last.pt,e2fb70a93276a7316869f01b4c90aa2322bb08f9b51bd9232e7bf75180d52237,6227370,,,,,,pnaat-modelos/kfv9b-lateral-detector-roi/runs/kfold-2/weights/last.pt,kfv9b-lateral-detector-roi/kfold-2/last.pt
kfv9b-lateral-detector-roi/kfold-3/best.pt,kfv9b-lateral-detector-roi,kfold-3,best.pt,f2b6bb7c9cf083536c99ae3b68014a6d4c8718ded61e3f6029780fd78e9d86ff,6226282,,,,,,pnaat-modelos/kfv9b-lateral-detector-roi/runs/kfold-3/weights/best.pt,kfv9b-lateral-detector-roi/kfold-3/best.pt
kfv9b-lateral-detector-roi/kfold-3/last.pt,kfv9b-lateral-detector-roi,kfold-3,last.pt,1230efdda0a7b0d2ca8ff9c4fcec561faaa2329517d76b16d380e37874b46486,6226282,,,,,,pnaat-modelos/kfv9b-lateral-detector-roi/runs/kfold-3/weights/last.pt,kfv9b-lateral-detector-roi/kfold-3/last.pt
kfv9b-lateral-detector-roi/kfold-4/best.pt,kfv9b-lateral-detector-roi,kfold-4,best.pt,2fc9f0e68ed6a89251fcb124419d553d85301c25f4eef225fb6ae023a00ce3fe,6223146,,,,,,pnaat-modelos/kfv9b-lateral-detector-roi/runs/kfold-4/weights/best.pt,kfv9b-lateral-detector-roi/kfold-4/best.pt
kfv9b-lateral-detector-roi/kfold-4/last.pt,kfv9b-lateral-detector-roi,kfold-4,last.pt,7f68903e46624d5c2541e15932ca53a8f14190bf156c9f6e4ed932471cded53b,6223146,,,,,,pnaat-modelos/kfv9b-lateral-detector-roi/runs/kfold-4/weights/last.pt,kfv9b-lateral-detector-roi/kfold-4/last.pt
rig-lateral-detector-roi/rig-lateral-finetune-do-v1/best.pt,rig-lateral-detector-roi,rig-lateral-finetune-do-v1,best.pt,addedb5b979642bb29c788080d88c6096d8db56085050291fa1b148b88930543,6223082,480,120,0.864,rig-lateral-detector-roi/model-meta.json#metricas_val,2026-09-15T13:36:25+00:00,pnaat-modelos/rig-lateral-detector-roi/runs/rig-lateral-finetune-do-v1/weights/best.pt,rig-lateral-detector-roi/rig-lateral-finetune-do-v1/best.pt
rig-lateral-detector-roi/rig-lateral-finetune-do-v1/last.pt,rig-lateral-detector-roi,rig-lateral-finetune-do-v1,last.pt,475df83dfe9250b01ee0f0615946341597b50a495f5eedfcae46052da1bec93e,6223082,480,120,0.864,rig-lateral-detector-roi/model-meta.json#metricas_val,2026-09-15T13:36:25+00:00,pnaat-modelos/rig-lateral-detector-roi/runs/rig-lateral-finetune-do-v1/weights/last.pt,rig-lateral-detector-roi/rig-lateral-finetune-do-v1/last.pt
rig-lateral-detector-roi/rig-lateral-so-dominio-480/best.pt,rig-lateral-detector-roi,rig-lateral-so-dominio-480,best.pt,26328d716c6bf8552f65ebc9bc13a2b3140d97aed00071c802d00f916d02d442,6229162,480,120,0.864,rig-lateral-detector-roi/model-meta.json#metricas_val,2026-09-15T13:36:25+00:00,pnaat-modelos/rig-lateral-detector-roi/runs/rig-lateral-so-dominio-480/weights/best.pt,rig-lateral-detector-roi/rig-lateral-so-dominio-480/best.pt
rig-lateral-detector-roi/rig-lateral-so-dominio-480/last.pt,rig-lateral-detector-roi,rig-lateral-so-dominio-480,last.pt,3e5ec2d87fc156e05863f1af7e7c2953a5385b0b235d2704ac3a7bdb9cca8953,6229162,480,120,0.864,rig-lateral-detector-roi/model-meta.json#metricas_val,2026-09-15T13:36:25+00:00,pnaat-modelos/rig-lateral-detector-roi/runs/rig-lateral-so-dominio-480/weights/last.pt,rig-lateral-detector-roi/rig-lateral-so-dominio-480/last.pt
rig-lateral-detector-roi/rig-lateral-so-dominio-640/best.pt,rig-lateral-detector-roi,rig-lateral-so-dominio-640,best.pt,eaf48b3f9c8d438e09ddf0710ddbe97aee1c2221205403ed6bae662c4ba7735f,6253290,480,120,0.864,rig-lateral-detector-roi/model-meta.json#metricas_val,2026-09-15T13:36:25+00:00,pnaat-modelos/rig-lateral-detector-roi/runs/rig-lateral-so-dominio-640/weights/best.pt,rig-lateral-detector-roi/rig-lateral-so-dominio-640/best.pt
rig-lateral-detector-roi/rig-lateral-so-dominio-640/last.pt,rig-lateral-detector-roi,rig-lateral-so-dominio-640,last.pt,b8539c0d6219184a614e157de03dea7ae2983dd2b444bb2b4ee2e73745b631ec,6253290,480,120,0.864,rig-lateral-detector-roi/model-meta.json#metricas_val,2026-09-15T13:36:25+00:00,pnaat-modelos/rig-lateral-detector-roi/runs/rig-lateral-so-dominio-640/weights/last.pt,rig-lateral-detector-roi/rig-lateral-so-dominio-640/last.pt
rig-lateral-detector-roi/rig-lateral-so-dominio/best.pt,rig-lateral-detector-roi,rig-lateral-so-dominio,best.pt,883de945fb6e215bc039d9674ab3231de45e4e96d5562e1de9f3f15b92c20fc4,6211050,480,120,0.864,rig-lateral-detector-roi/model-meta.json#metricas_val,2026-09-15T13:36:25+00:00,pnaat-modelos/rig-lateral-detector-roi/runs/rig-lateral-so-dominio/weights/best.pt,rig-lateral-detector-roi/rig-lateral-so-dominio/best.pt
rig-lateral-detector-roi/rig-lateral-so-dominio/last.pt,rig-lateral-detector-roi,rig-lateral-so-dominio,last.pt,1936f9f42eec4f8f2e63eab98c204ccd7c4f4f44ec4bde202b186d02f0ef52fd,6211050,480,120,0.864,rig-lateral-detector-roi/model-meta.json#metricas_val,2026-09-15T13:36:25+00:00,pnaat-modelos/rig-lateral-detector-roi/runs/rig-lateral-so-dominio/weights/last.pt,rig-lateral-detector-roi/rig-lateral-so-dominio/last.pt
t5-topo-detector-roi/t5-topo-limpo/best.pt,t5-topo-detector-roi,t5-topo-limpo,best.pt,019b0733000ff2e50eb2531da7db7528b5a630be8cddc89a9b9b329a84061384,6214442,480,200,0.035,t5-topo-detector-roi/model-meta.json#metricas_val,2026-09-15T14:59:24+00:00,pnaat-modelos/t5-topo-detector-roi/runs/t5-topo-limpo/weights/best.pt,t5-topo-detector-roi/t5-topo-limpo/best.pt
t5-topo-detector-roi/t5-topo-limpo/last.pt,t5-topo-detector-roi,t5-topo-limpo,last.pt,e8380a8aecb21ce25502628f3a237023cee6942378c5053f466d709b45ad1399,6214442,480,200,0.035,t5-topo-detector-roi/model-meta.json#metricas_val,2026-09-15T14:59:24+00:00,pnaat-modelos/t5-topo-detector-roi/runs/t5-topo-limpo/weights/last.pt,t5-topo-detector-roi/t5-topo-limpo/last.pt
v0-lateral-detector/v0-lateral-yolov8n/best.pt,v0-lateral-detector,v0-lateral-yolov8n,best.pt,2b42a4ed6f9ac225bdb050796fdb6334e8485bc51683de267fe4191678a64a6a,6209194,,,,,,pnaat-modelos/v0-lateral-detector/runs/v0-lateral-yolov8n/weights/best.pt,v0-lateral-detector/v0-lateral-yolov8n/best.pt
v0-lateral-detector/v0-lateral-yolov8n/last.pt,v0-lateral-detector,v0-lateral-yolov8n,last.pt,b52eff586eade43ecf076ac73011bedea6145a21cae052fb4dca54c1bb09d564,6209194,,,,,,pnaat-modelos/v0-lateral-detector/runs/v0-lateral-yolov8n/weights/last.pt,v0-lateral-detector/v0-lateral-yolov8n/last.pt
v0-top-detector/v0-top-detector/best.pt,v0-top-detector,v0-top-detector,best.pt,4b2d75c6364f7aa7a555311df599affdcc41005787cccf259635f73af1a996b9,6208618,,,,,,pnaat-modelos/v0-top-detector/weights/best.pt,v0-top-detector/v0-top-yolov8n/best.pt
v0-top-detector/v0-top-yolov8n/best.pt,v0-top-detector,v0-top-yolov8n,best.pt,4b2d75c6364f7aa7a555311df599affdcc41005787cccf259635f73af1a996b9,6208618,,,,,,pnaat-modelos/v0-top-detector/runs/v0-top-yolov8n/weights/best.pt,v0-top-detector/v0-top-yolov8n/best.pt
v0-top-detector/v0-top-yolov8n/last.pt,v0-top-detector,v0-top-yolov8n,last.pt,b072b1abd8f9bd755d0da2d29903839cfee379c20f6027244e6524c6b9170ecd,6208618,,,,,,pnaat-modelos/v0-top-detector/runs/v0-top-yolov8n/weights/last.pt,v0-top-detector/v0-top-yolov8n/last.pt
v1-lateral-detector-roi/v1-lateral-yolov8n-dominio/best.pt,v1-lateral-detector-roi,v1-lateral-yolov8n-dominio,best.pt,70f45ec9eb0d110cb43eec666bafe2cb12fa91998f1800b0e1ecd11f3e5dc2c0,6211562,320,60,0.9924,v1-lateral-detector-roi/model-meta.json#metricas_val,2026-09-15T13:48:56+00:00,pnaat-modelos/v1-lateral-detector-roi/runs/v1-lateral-yolov8n-dominio/weights/best.pt,v1-lateral-detector-roi/v1-lateral-yolov8n-dominio/best.pt
v1-lateral-detector-roi/v1-lateral-yolov8n-dominio/last.pt,v1-lateral-detector-roi,v1-lateral-yolov8n-dominio,last.pt,0b8f462d0e463c7896cd3b9ba1cf72fa699ec3170d17c706b7df414265aa6c9d,6211562,320,60,0.9924,v1-lateral-detector-roi/model-meta.json#metricas_val,2026-09-15T13:48:56+00:00,pnaat-modelos/v1-lateral-detector-roi/runs/v1-lateral-yolov8n-dominio/weights/last.pt,v1-lateral-detector-roi/v1-lateral-yolov8n-dominio/last.pt
v1-topo-detector-roi/v1-topo-yolov8n-dominio/best.pt,v1-topo-detector-roi,v1-topo-yolov8n-dominio,best.pt,69c3a82b5d242c752f868a5c2014e6fdbe43f1a8484c6c9f124f72cfc42a286c,24457383,,,,,,pnaat-modelos/v1-topo-detector-roi/runs/v1-topo-yolov8n-dominio/weights/best.pt,v1-topo-detector-roi/v1-topo-yolov8n-dominio/best.pt
v1-topo-detector-roi/v1-topo-yolov8n-dominio/last.pt,v1-topo-detector-roi,v1-topo-yolov8n-dominio,last.pt,bba77b4f651443b60479857f503de2cbfb0fcd6953a382c86ef0c086b5a8661d,24457639,,,,,,pnaat-modelos/v1-topo-detector-roi/runs/v1-topo-yolov8n-dominio/weights/last.pt,v1-topo-detector-roi/v1-topo-yolov8n-dominio/last.pt
v2-lateral-detector-roi/v2-lateral-yolov8n-dominio/best.pt,v2-lateral-detector-roi,v2-lateral-yolov8n-dominio,best.pt,cae12ba5c5f51f75d09aaae2bac1a2cce453189d5f01a1682c0469d01f660351,24452583,,,,,,pnaat-modelos/v2-lateral-detector-roi/runs/v2-lateral-yolov8n-dominio/weights/best.pt,v2-lateral-detector-roi/v2-lateral-yolov8n-dominio/best.pt
v2-lateral-detector-roi/v2-lateral-yolov8n-dominio/last.pt,v2-lateral-detector-roi,v2-lateral-yolov8n-dominio,last.pt,cae12ba5c5f51f75d09aaae2bac1a2cce453189d5f01a1682c0469d01f660351,24452583,,,,,,pnaat-modelos/v2-lateral-detector-roi/runs/v2-lateral-yolov8n-dominio/weights/last.pt,v2-lateral-detector-roi/v2-lateral-yolov8n-dominio/best.pt
v3-lateral-detector-roi/v3-rig-ajuste-fino/best.pt,v3-lateral-detector-roi,v3-rig-ajuste-fino,best.pt,29b89a796e9093e1c4f2a29f8c769680eab88d030d4c2aa2d4418f9ebfab64ef,6227306,480,150,0.8221,v3-lateral-detector-roi/model-meta.json#metricas_val,2026-09-15T14:25:55+00:00,pnaat-modelos/v3-lateral-detector-roi/runs/v3-rig-ajuste-fino/weights/best.pt,v3-lateral-detector-roi/v3-rig-ajuste-fino/best.pt
v3-lateral-detector-roi/v3-rig-ajuste-fino/last.pt,v3-lateral-detector-roi,v3-rig-ajuste-fino,last.pt,45f41380d76f64a4de5e4a641811ad2957d56d8cd25e62cc69ed641602a7c655,6227306,480,150,0.8221,v3-lateral-detector-roi/model-meta.json#metricas_val,2026-09-15T14:25:55+00:00,pnaat-modelos/v3-lateral-detector-roi/runs/v3-rig-ajuste-fino/weights/last.pt,v3-lateral-detector-roi/v3-rig-ajuste-fino/last.pt
v3kfold-lateral-detector-roi/kfold-0/best.pt,v3kfold-lateral-detector-roi,kfold-0,best.pt,b77955fa11cad81a67b6f526e0ebfaaa7839d58614e5fbd472e05fe30f044d6b,6228394,,,,,,pnaat-modelos/v3kfold-lateral-detector-roi/runs/kfold-0/weights/best.pt,v3kfold-lateral-detector-roi/kfold-0/best.pt
v3kfold-lateral-detector-roi/kfold-0/last.pt,v3kfold-lateral-detector-roi,kfold-0,last.pt,444d0dd0a986a708c58ae54e8f08c711cb6cea2aead2188534c55ec2db83252b,6228394,,,,,,pnaat-modelos/v3kfold-lateral-detector-roi/runs/kfold-0/weights/last.pt,v3kfold-lateral-detector-roi/kfold-0/last.pt
v3kfold-lateral-detector-roi/kfold-1/best.pt,v3kfold-lateral-detector-roi,kfold-1,best.pt,c9ef3c28f4dfbaf311513b0f253763201a12f000c641f8ab874b627da427f2ac,6228394,,,,,,pnaat-modelos/v3kfold-lateral-detector-roi/runs/kfold-1/weights/best.pt,v3kfold-lateral-detector-roi/kfold-1/best.pt
v3kfold-lateral-detector-roi/kfold-1/last.pt,v3kfold-lateral-detector-roi,kfold-1,last.pt,02a38bc49c183e60ee0283ba0ef0c82ce1a33c8a8d2349e8597b76a4eeef4a37,6228394,,,,,,pnaat-modelos/v3kfold-lateral-detector-roi/runs/kfold-1/weights/last.pt,v3kfold-lateral-detector-roi/kfold-1/last.pt
v3kfold-lateral-detector-roi/kfold-2/best.pt,v3kfold-lateral-detector-roi,kfold-2,best.pt,5b9167e4a783bcf25672ac0a2d4eff1874580c9408410aa68b3b67aa2a506c6b,6228394,,,,,,pnaat-modelos/v3kfold-lateral-detector-roi/runs/kfold-2/weights/best.pt,v3kfold-lateral-detector-roi/kfold-2/best.pt
v3kfold-lateral-detector-roi/kfold-2/last.pt,v3kfold-lateral-detector-roi,kfold-2,last.pt,f6d0db61794eab28a43a28dada89c66c4f58dfb54bf86a4ab3d0f5d70cd98a33,6228394,,,,,,pnaat-modelos/v3kfold-lateral-detector-roi/runs/kfold-2/weights/last.pt,v3kfold-lateral-detector-roi/kfold-2/last.pt
v3kfold-lateral-detector-roi/kfold-3/best.pt,v3kfold-lateral-detector-roi,kfold-3,best.pt,2ab5c322bba120bcf0da45f9d8ff360ed1bdd3d11c63e48b7ff2f3b64c77a807,24472743,,,,,,pnaat-modelos/v3kfold-lateral-detector-roi/runs/kfold-3/weights/best.pt,v3kfold-lateral-detector-roi/kfold-3/best.pt
v3kfold-lateral-detector-roi/kfold-3/last.pt,v3kfold-lateral-detector-roi,kfold-3,last.pt,bcb7720a1fb424f3a855308f1f5a5f56568c04ba891de628c504fb76c7348ede,24473255,,,,,,pnaat-modelos/v3kfold-lateral-detector-roi/runs/kfold-3/weights/last.pt,v3kfold-lateral-detector-roi/kfold-3/last.pt
v4-lateral-detector-roi/v4-rig-4classes/best.pt,v4-lateral-detector-roi,v4-rig-4classes,best.pt,e20d0fd4df7d208981a34edc116e1febaff69251ea9f7a650effe93a69a19963,6226538,480,150,0.8861,v4-lateral-detector-roi/model-meta.json#metricas_val,2026-09-15T15:00:49+00:00,pnaat-modelos/v4-lateral-detector-roi/runs/v4-rig-4classes/weights/best.pt,v4-lateral-detector-roi/v4-rig-4classes/best.pt
v4-lateral-detector-roi/v4-rig-4classes/last.pt,v4-lateral-detector-roi,v4-rig-4classes,last.pt,827ed80d193fd5ba9bffca205830ac8bf1d3b7a2dedfba3460c4e9b414a42ebf,6226538,480,150,0.8861,v4-lateral-detector-roi/model-meta.json#metricas_val,2026-09-15T15:00:49+00:00,pnaat-modelos/v4-lateral-detector-roi/runs/v4-rig-4classes/weights/last.pt,v4-lateral-detector-roi/v4-rig-4classes/last.pt
v4-lateral-detector-roi/v4-rig-corpo/best.pt,v4-lateral-detector-roi,v4-rig-corpo,best.pt,52c4112c06d67a0bbd1de8422b86364dc99ce6cf6f5c3ce81556ea7c9bc7c63c,6233386,480,150,0.8861,v4-lateral-detector-roi/model-meta.json#metricas_val,2026-09-15T15:00:49+00:00,pnaat-modelos/v4-lateral-detector-roi/runs/v4-rig-corpo/weights/best.pt,v4-lateral-detector-roi/v4-rig-corpo/best.pt
v4-lateral-detector-roi/v4-rig-corpo/last.pt,v4-lateral-detector-roi,v4-rig-corpo,last.pt,af926fcacaa736621f1ba44f632fe5cbbf7e862e380119b8f7699c7524a80d40,6233386,480,150,0.8861,v4-lateral-detector-roi/model-meta.json#metricas_val,2026-09-15T15:00:49+00:00,pnaat-modelos/v4-lateral-detector-roi/runs/v4-rig-corpo/weights/last.pt,v4-lateral-detector-roi/v4-rig-corpo/last.pt
v5-lateral-detector-roi/v5-rig-limpo/best.pt,v5-lateral-detector-roi,v5-rig-limpo,best.pt,ca4ac88c5970102bcdb6db2e347941ac9e72e99760c93495c0f337b5a9fff595,6229162,480,150,0.7552,v5-lateral-detector-roi/model-meta.json#metricas_val,2026-09-15T15:00:25+00:00,pnaat-modelos/v5-lateral-detector-roi/runs/v5-rig-limpo/weights/best.pt,v5-lateral-detector-roi/v5-rig-limpo/best.pt
v5-lateral-detector-roi/v5-rig-limpo/last.pt,v5-lateral-detector-roi,v5-rig-limpo,last.pt,6fa797a0c9b054dcbf42eb8549e3199130fcb9b5bd0e1fd6668667a404f5a6b4,6229162,480,150,0.7552,v5-lateral-detector-roi/model-meta.json#metricas_val,2026-09-15T15:00:25+00:00,pnaat-modelos/v5-lateral-detector-roi/runs/v5-rig-limpo/weights/last.pt,v5-lateral-detector-roi/v5-rig-limpo/last.pt
v6a-lateral-detector-roi/v6-3-rig/best.pt,v6a-lateral-detector-roi,v6-3-rig,best.pt,5444c2b266eb720a8dff63eab2ee562ce9de4d764ee236d8bd892cf4c4a1c7be,6225962,480,150,0.6554,v6a-lateral-detector-roi/model-meta.json#metricas_val,2026-09-15T15:09:23+00:00,pnaat-modelos/v6a-lateral-detector-roi/runs/v6-3-rig/weights/best.pt,v6a-lateral-detector-roi/v6-3-rig/best.pt
v6a-lateral-detector-roi/v6-3-rig/last.pt,v6a-lateral-detector-roi,v6-3-rig,last.pt,ad550fc8a62103cac19ac970a1888d8e64041b39ecc364ff21a7d1d7906aaafe,6225962,480,150,0.6554,v6a-lateral-detector-roi/model-meta.json#metricas_val,2026-09-15T15:09:23+00:00,pnaat-modelos/v6a-lateral-detector-roi/runs/v6-3-rig/weights/last.pt,v6a-lateral-detector-roi/v6-3-rig/last.pt
v6b-lateral-detector-roi/v6-4-rig-corpo/best.pt,v6b-lateral-detector-roi,v6-4-rig-corpo,best.pt,f3bcfd1ebd85f27d201101be56ef6d971521d409286d9d38330dc4c577e338be,6233322,480,150,0.7876,v6b-lateral-detector-roi/model-meta.json#metricas_val,2026-09-15T15:10:07+00:00,pnaat-modelos/v6b-lateral-detector-roi/runs/v6-4-rig-corpo/weights/best.pt,v6b-lateral-detector-roi/v6-4-rig-corpo/best.pt
v6b-lateral-detector-roi/v6-4-rig-corpo/last.pt,v6b-lateral-detector-roi,v6-4-rig-corpo,last.pt,b484beafa316ec5b6c7a38c8b5b68c5d222f2694e73bb70c2e76a67476451eaa,6233322,480,150,0.7876,v6b-lateral-detector-roi/model-meta.json#metricas_val,2026-09-15T15:10:07+00:00,pnaat-modelos/v6b-lateral-detector-roi/runs/v6-4-rig-corpo/weights/last.pt,v6b-lateral-detector-roi/v6-4-rig-corpo/last.pt
v7a-lateral-detector-roi/v7a-rig/best.pt,v7a-lateral-detector-roi,v7a-rig,best.pt,b92be4f42ccfa58feceaf3ed072bc407238ba1f5d72ad842bee8dfb7b1e77d7f,6226154,480,150,0.6554,v7a-lateral-detector-roi/model-meta.json#metricas_val,2026-09-15T15:58:38+00:00,pnaat-modelos/v7a-lateral-detector-roi/runs/v7a-rig/weights/best.pt,ENTREGA/v7a-lateral/v7a-lateral.pt
v7a-lateral-detector-roi/v7a-rig/last.pt,v7a-lateral-detector-roi,v7a-rig,last.pt,5e44ce4a4e7f0dd2fd53bd0d0d61914da2d87dcd8c902a94770969e5eaa0f135,6226154,480,150,0.6554,v7a-lateral-detector-roi/model-meta.json#metricas_val,2026-09-15T15:58:38+00:00,pnaat-modelos/v7a-lateral-detector-roi/runs/v7a-rig/weights/last.pt,v7a-lateral-detector-roi/v7a-rig/last.pt
v7aug-lateral-detector-roi/v7aug-rig/best.pt,v7aug-lateral-detector-roi,v7aug-rig,best.pt,e198a86ae46aca74fd183b7583ef15de9a66c212de5760d0a019e523cee49f3b,6229098,480,150,0.8917,v7aug-lateral-detector-roi/model-meta.json#metricas_val,2026-09-15T16:49:43+00:00,pnaat-modelos/v7aug-lateral-detector-roi/runs/v7aug-rig/weights/best.pt,v7aug-lateral-detector-roi/v7aug-rig/best.pt
v7aug-lateral-detector-roi/v7aug-rig/last.pt,v7aug-lateral-detector-roi,v7aug-rig,last.pt,626b9960e27a699e427f290aa9114d91bc0a1144055c1e6079334f0590b5078a,6229098,480,150,0.8917,v7aug-lateral-detector-roi/model-meta.json#metricas_val,2026-09-15T16:49:43+00:00,pnaat-modelos/v7aug-lateral-detector-roi/runs/v7aug-rig/weights/last.pt,v7aug-lateral-detector-roi/v7aug-rig/last.pt
v7b-lateral-detector-roi/v7b-rig-corpo/best.pt,v7b-lateral-detector-roi,v7b-rig-corpo,best.pt,25bfa4e50c029ab771099a5a53e0e81243f1963b4f1afe4692fc5ed6378a4bf6,6233514,480,150,0.7876,v7b-lateral-detector-roi/model-meta.json#metricas_val,2026-09-15T16:38:41+00:00,pnaat-modelos/v7b-lateral-detector-roi/runs/v7b-rig-corpo/weights/best.pt,v7b-lateral-detector-roi/v7b-rig-corpo/best.pt
v7b-lateral-detector-roi/v7b-rig-corpo/last.pt,v7b-lateral-detector-roi,v7b-rig-corpo,last.pt,0e2464c0acfd3890e7c88b61638e2f2a06ce11ae05374baaa12fdd6921443076,6233514,480,150,0.7876,v7b-lateral-detector-roi/model-meta.json#metricas_val,2026-09-15T16:38:41+00:00,pnaat-modelos/v7b-lateral-detector-roi/runs/v7b-rig-corpo/weights/last.pt,v7b-lateral-detector-roi/v7b-rig-corpo/last.pt
v8a-lateral-detector-roi/v8a-rig/best.pt,v8a-lateral-detector-roi,v8a-rig,best.pt,75fd0e3d1e79c75b979a433ebab12530485130a06e0da60f8d65592138b2fdc1,6226282,480,150,0.6707,v8a-lateral-detector-roi/model-meta.json#metricas_val,2026-09-15T18:58:27+00:00,pnaat-modelos/v8a-lateral-detector-roi/runs/v8a-rig/weights/best.pt,ENTREGA/v8a-lateral/v8a-lateral.pt
v8a-lateral-detector-roi/v8a-rig/last.pt,v8a-lateral-detector-roi,v8a-rig,last.pt,5c779ac0aabc2a699ef561eb2b4a073e96d5d65ed89ec344421f24f1720e873f,6226282,480,150,0.6707,v8a-lateral-detector-roi/model-meta.json#metricas_val,2026-09-15T18:58:27+00:00,pnaat-modelos/v8a-lateral-detector-roi/runs/v8a-rig/weights/last.pt,v8a-lateral-detector-roi/v8a-rig/last.pt
v8b-lateral-detector-roi/v8b-rig-corpo/best.pt,v8b-lateral-detector-roi,v8b-rig-corpo,best.pt,aafcb6fdfa344c3066e67df359abb7e3445da0917a6af7cb3a98eeb8974ab8f5,6224554,480,150,0.259,v8b-lateral-detector-roi/model-meta.json#metricas_val,2026-09-15T20:07:21+00:00,pnaat-modelos/v8b-lateral-detector-roi/runs/v8b-rig-corpo/weights/best.pt,v8b-lateral-detector-roi/v8b-rig-corpo/best.pt
v8b-lateral-detector-roi/v8b-rig-corpo/last.pt,v8b-lateral-detector-roi,v8b-rig-corpo,last.pt,e8803fd91001af9809d848708862859ba41dd4ae68818575e1f1949e945cb794,6224554,480,150,0.259,v8b-lateral-detector-roi/model-meta.json#metricas_val,2026-09-15T20:07:21+00:00,pnaat-modelos/v8b-lateral-detector-roi/runs/v8b-rig-corpo/weights/last.pt,v8b-lateral-detector-roi/v8b-rig-corpo/last.pt
v9a-lateral-detector-roi/v9a-rig/best.pt,v9a-lateral-detector-roi,v9a-rig,best.pt,ad4e16f4f6b016bf859ac5060be783f65d697278e4af8da5744203605bc306cc,6226026,480,150,0.954,v9a-lateral-detector-roi/model-meta.json#metricas_val,2026-09-15T20:19:31+00:00,pnaat-modelos/v9a-lateral-detector-roi/runs/v9a-rig/weights/best.pt,ENTREGA/v9a-lateral/v9a-lateral.pt
v9a-lateral-detector-roi/v9a-rig/last.pt,v9a-lateral-detector-roi,v9a-rig,last.pt,514fde29e55783c6904c4e5eec9aa7b88b1b9a73458eadcdc313399637c47708,6226026,480,150,0.954,v9a-lateral-detector-roi/model-meta.json#metricas_val,2026-09-15T20:19:31+00:00,pnaat-modelos/v9a-lateral-detector-roi/runs/v9a-rig/weights/last.pt,v9a-lateral-detector-roi/v9a-rig/last.pt
v9blur-lateral-detector-roi/v9blur-rig/best.pt,v9blur-lateral-detector-roi,v9blur-rig,best.pt,ab05f35a63f680986c0edf679d9e44b9fe6b03a984b098c5bdcb07fad03ab4d6,6224106,480,150,0.9796,v9blur-lateral-detector-roi/model-meta.json#metricas_val,2026-09-15T20:39:14+00:00,pnaat-modelos/v9blur-lateral-detector-roi/runs/v9blur-rig/weights/best.pt,ENTREGA/v9b-lateral/v9b-lateral.pt
v9blur-lateral-detector-roi/v9blur-rig/last.pt,v9blur-lateral-detector-roi,v9blur-rig,last.pt,3b9ca7139c953f86dfb5a19d06d7949f0f271c41b886cf15e5e8471d8c96a7c7,6224106,480,150,0.9796,v9blur-lateral-detector-roi/model-meta.json#metricas_val,2026-09-15T20:39:14+00:00,pnaat-modelos/v9blur-lateral-detector-roi/runs/v9blur-rig/weights/last.pt,v9blur-lateral-detector-roi/v9blur-rig/last.pt
